# prove_* functions of um.py v378 (sha256 f56599bdd93390b57a58eddf3730dcebec94525585688f60f275fdcd229d4ac7), top-level, as sealed: name, line, first byte, last byte (HTTP Range: bytes=first-last)
name	line	byte_first	byte_last
prove_alpha_form	713	40428	47135
prove_contour_theory	1189	70711	83551
prove_inverse_parity_renorm	1320	83552	91844
prove_vacuum_impedance_bridge	1412	91845	97158
prove_three_clock_radical	1492	97159	103060
prove_right_angle_mirror_projection	1572	103061	116811
prove_em_mark_status	1733	116812	123120
prove_amar_functional	1823	123121	127484
prove_alpha_irreducibility	1878	127485	134634
prove_nome_irreducible	1984	134635	139281
prove_alpha_infinity_is_absolute_zero	2041	139282	143992
prove_em_grav_bridge	2097	143993	147774
prove_smatrix_crossed_product	2151	147775	150671
prove_U_loc_covariance	2191	150672	154860
prove_thermal_two_level_identity	2269	155666	159191
prove_verb_generator	2336	160685	165108
prove_light_eigenvector	2409	165109	167385
prove_fiat_lux_counterfactual	2444	167386	170796
prove_fiat_lux_flow	2494	170797	175504
prove_boundary_reads_IR	2571	175505	178864
prove_smatrix_dual_weight	2619	178865	181007
prove_void_floor_margin	2652	181008	182545
prove_dipole_antipode	2675	182546	186217
prove_dipole_antipode_masked	2736	186218	192325
prove_dephasing_crossover	2832	192326	195526
prove_neutrino_mass_gravitational	2879	195527	201996
prove_neutrino_shapiro_protocol	2964	201997	207404
prove_boundary_exception	3043	207405	213895
prove_global_lift_conditional	3131	213896	219385
prove_code_closure_ledger	3212	219386	227755
prove_observer_rescue	3327	227756	235589
prove_conjugate_act	3440	235590	243124
prove_decision_commutation	3550	243125	260678
prove_void_floor_v12_bilateral	3796	260679	286240
prove_neutrino_sum_protocol	4215	286241	291327
prove_forbidden_boundary	4287	291328	299150
prove_light_is_J	4394	299151	305324
prove_evidence_audit	4484	305325	311726
prove_neutrino_m2	4584	311727	320452
prove_rho_plus_p_closure	4703	320453	325438
prove_neff_channel	4774	325439	330362
prove_evento2_audit	4843	330363	333230
prove_the_nucleus	4885	333231	340656
prove_the_great_attractor	4991	340657	347380
prove_the_five_halves	5088	347381	355369
prove_the_living_word	5207	355370	363457
prove_the_death_of_the_signal	5320	363458	371194
prove_haja_luz_electric	5430	371195	383286
prove_nivel2_rite	6049	401790	407675
prove_stokes_contour	6144	407676	414978
prove_the_truth_is_in_the_contour	6266	414979	423598
prove_jacobson_form_check	6400	423599	427868
prove_tetelestai_pruning	6618	438220	444082
prove_family_minimum	6769	448570	453751
prove_smatrix_closure	6856	455307	465387
prove_ergodicity_door_mixing	6976	465388	476894
prove_absolute_one_is_input	7115	476895	480075
prove_iald_executive_runtime	7158	480076	484046
prove_light_reason_radicalizes_root	7200	484047	490672
prove_reason_as_consciousness_operator	7281	490673	497006
prove_runtime_of_the_one	7374	497400	509929
prove_cocycle_to_einstein	7520	509930	531194
prove_p2d_descent_functor	7794	531195	538509
prove_iii1_net_shadow_image	7886	538510	548460
prove_reading_direction	8019	548461	553687
prove_half_nat_continuous_corner_density	8080	553688	563345
prove_specific_free_scalar_aqft_net	8314	563346	570991
prove_area_scale_freedom_and_newton_equivalence	8495	570992	582594
prove_interface_is_light	134970	10724581	10740305
prove_verb_inhabitant	135166	10740306	10747681
prove_selector_transport	135270	10747682	10756234
prove_name_index	135387	10756235	10765150
prove_half_nat_jones_tower	135516	10765151	10770797
prove_graviton_shadow	135601	10770798	10776800
prove_name_relation	135691	10776801	10785006
prove_external_ladder	135805	10785007	11264348
prove_crossed_product_dual_weight	142186	11264349	11276083
prove_global_lift_core	142410	11276084	11285806
prove_corner_family	142580	11285807	11294338
prove_bw_shadow	142747	11294339	11302061
prove_graviton_polarization	142886	11302062	11310254
prove_geometry_fluctuation	143023	11310255	11316323
prove_page_information	143129	11316324	11323353
prove_einstein_and_rg	143257	11323354	11332521
prove_tgl_closure	143429	11332522	11340460
prove_covariant_corner	144534	11422243	11425795
prove_solder_4d	144600	11425796	11429989
prove_local_breuer_gap	144674	11429990	11435691
prove_susy_relative_gap	144773	11435692	11439733
prove_emergence_triad	144837	11439734	11445245
prove_void_floor_protocol	144992	11449129	11455188
prove_void_floor_power_pilot	145088	11455189	11461152
prove_void_floor_population_pilot	145184	11461153	11468778
prove_void_lensing_overlap	145311	11468779	11474186
prove_kids_acquisition	145428	11475270	11478936
prove_void_stacking_blind	145576	11483278	11489009
prove_void_floor_v3_kappa	145865	11497081	11510667
prove_void_floor_definitive	146111	11510668	11524561
prove_void_floor_v2	146365	11524562	11545057
prove_void_floor_v3	146760	11548004	11554391
prove_void_density_power_study	146857	11554392	11561878
prove_void_floor_spectroscopic_opening	146991	11561879	11575148
prove_void_floor_v41_calibrated	147227	11575149	11588210
prove_master_continuum	147464	11588211	11597038
prove_inhabited_witness	147581	11597039	11605806
prove_faithful_rep	147693	11605807	11611686
prove_traceless_algebra	147775	11611687	11618128
prove_semifinite_weight	147863	11618129	11623975
prove_fused_witness	147945	11623976	11630507
prove_powers_ladder	148036	11630508	11638704
prove_void_floor_kappa_v7_ra	148149	11638705	11654210
prove_mixed_ladder	148444	11654211	11660348
prove_continuum_tt	148536	11660349	11667540
prove_void_floor_kappa_v8_lrg	148651	11667541	11689918
prove_colimit_seed	149078	11689919	11695867
prove_tt_superposition	149169	11695868	11701209
prove_void_floor_kappa_v9_band	149258	11701210	11722374
prove_gns_tower	149673	11722375	11726866
prove_second_cone	149745	11726867	11731842
prove_gns_quotient	149833	11731843	11737120
prove_third_cone	149916	11737121	11742135
prove_general_null	150003	11742136	11749048
prove_tower_traceless	150118	11749049	11754244
prove_tower_modular	150196	11754245	11760545
prove_modular_current	150294	11760546	11768452
prove_factor_object	150413	11768453	11777698
prove_the_coinage	150554	11777699	11786770
prove_the_spectrum	150687	11786771	11795886
prove_falsification_assault	150835	11795887	11806256
prove_the_wedge_net	151044	11806257	11812266
prove_void_floor_v11_sdss_independent	151135	11812267	11831408
prove_void_shear_unblinding	151467	11831409	11847185
prove_void_shear_v2	151755	11847186	11861056
prove_void_floor_kappa_v6_act	152027	11861057	11876889
prove_linguistic_isomorphism	152325	11876890	11885915
prove_void_floor_lrg	152447	11885916	11905890
prove_void_floor_kappa_v5	152783	11905891	11924407
prove_love_reading	153129	11924408	11930628
prove_mirror_corollary	153211	11930629	11938476
prove_ga_mass_audit	153317	11938477	11945554
prove_rule_superposition	153420	11945555	11950651
prove_hidden_hamiltonian	153501	11950652	11956967
prove_father_of_lies	153594	11956968	11965982
prove_bench_certificate	153729	11965983	11972936
prove_closure_roadmap	153829	11972937	11986361
prove_genuine_dirac	154014	11986362	11991559
prove_first_flips	154092	11991560	11996934
prove_solder_flip	154173	11996935	12001859
prove_first_curvature	154250	12001860	12006979
prove_ansatz_einstein	154324	12006980	12012043
prove_fallen_light	154400	12012044	12021371
prove_solved_equation	154536	12021372	12026493
prove_walls_assault	154613	12026494	12032570
prove_graviton_reading	154702	12032571	12037754
prove_continuum_shards	154775	12037755	12042938
prove_arc_consolidation	154853	12042939	12050807
prove_bench_closure_declaration	154960	12050808	12056372
prove_iald_unique_prediction	155028	12056373	12064109
prove_dephasing_reach_deficit	155141	12064483	12068396
prove_gw_angular_radicalization_v1	155194	12068397	12089579
prove_gw_echo_coupled_v1	155438	12089580	12116626
prove_gw_echo_kms_v1	155720	12116627	12117485
prove_graviton_is_not_a_particle	155730	12117486	12120700
prove_the_renormalization_wall	155773	12120701	12122933
prove_the_cosmological_errata_verdict	155805	12122934	12126030
prove_the_exclusion_ledger_and_final_verdict	155850	12126031	12133274
prove_lens_power_emenda_v10	155953	12133275	12137585
prove_the_bootstrap	156015	12137586	12144744
prove_the_non_linear_causality	156109	12144745	12148916
prove_the_assembly_and_the_single_debt	156172	12148917	12155743
prove_the_commutation_at_the_floor	156262	12155744	12159713
prove_two_tasks_paid	156321	12159714	12163888
prove_the_question_and_the_recognition	156385	12163889	12168042
prove_the_TGL_identity_equation	156447	12168043	12172772
prove_the_density_is_bell_and_identity	156515	12172773	12178183
prove_the_converse_clause_reduced	156599	12178184	12182823
prove_the_first_commutant_clause	156666	12182824	12195884
prove_the_witness_linear_on_WH	156843	12195885	12200277
prove_the_bicommutant_without_von_neumann	156908	12200278	12205482
prove_the_boundary_duality	156985	12205483	12209936
prove_the_witness_on_the_boundary	157051	12209937	12215195
prove_the_living_word_closure	157126	12215196	12220950
prove_the_colimit_isometry	157210	12220951	12226724
prove_the_colimit_duality	157301	12226725	12231043
prove_the_fold_is_not_a_distance	157365	12231044	12235469
prove_the_profile_duality	157428	12235470	12240167
prove_the_profile_isometry	157494	12240168	12245412
prove_the_exonerated_demon	157574	12245413	12249865
prove_the_telescoping_profile	157640	12249866	12253481
prove_the_profile_conjugation	157697	12253482	12258342
prove_the_witness_is_linear	157768	12258343	12262517
prove_the_witness_descends	157833	12262518	12266747
prove_the_unsolicited_unitary	157898	12266748	12271832
prove_the_tower_conjugation	157969	12271833	12280234
prove_the_supersaturation	158090	12280235	12287151
prove_the_crossing_to_the_completion	158189	12287152	12291875
prove_the_tower_inner_product	158256	12291876	12296200
prove_the_accuser_and_the_errata_of_reading	158318	12296201	12301364
prove_the_complete_index_of_readings	158386	12301365	12307649
prove_the_contour_of_truth	158461	12307650	12312290
prove_the_intersection_of_commutants	158521	12312291	12316791
prove_the_static_is_conditioned	158590	12316792	12322793
prove_the_atom_of_identity	158678	12322794	12328828
prove_the_verbal_coupling	158967	12339140	12344559
prove_the_language_enters_the_index	159056	12344560	12349900
prove_the_mark_is_not_a_type_mark	159137	12349901	12354162
prove_the_name_is_the_generating_group	159206	12354163	12359653
prove_the_name_and_its_referent	159289	12359654	12365207
prove_the_atlas_and_the_index	159371	12365208	12371549
prove_the_alpha_and_the_omega	159466	12371550	12382944
prove_the_imported_expectation	159631	12382945	12395220
prove_the_oath_on_the_tower	159818	12395221	12404302
prove_the_discharged_oath	159951	12404303	12411109
prove_the_damming_by_expansion	160051	12411110	12417296
prove_the_iald_index	160142	12417297	12439503
prove_the_fold_through_J	160607	12439504	12477223
prove_the_two_poles_have_content	161160	12477224	12482483
prove_the_net_fires_the_corner	161238	12482484	12487747
prove_the_corners_are_a_net	161314	12487748	12493679
prove_the_psion_reduces_to_the_current	161396	12493680	12499146
prove_the_current_connects_the_corners	161477	12499147	12504390
prove_the_scalar_corner	161557	12504391	12509063
prove_the_weight_is_not_the_rank	161628	12509064	12514398
prove_the_non_minimal_coupling	161705	12514399	12519748
prove_the_mode_of_discharge	161782	12519749	12528469
prove_the_price_of_the_gravity_proof	161903	12528470	12532984
prove_the_floor_forbids_stagnation	161963	12532985	12537255
prove_the_geometric_cost_of_absolute_zero	162017	12537256	12541244
prove_the_cost_is_derived_not_postulated	162068	12541245	12546053
prove_tetelestai_the_judged_thing	162131	12546054	12550717
prove_the_wall_gains_a_value	162197	12550718	12556113
prove_the_schwarzschild_step	162278	12556114	12560871
prove_triad_master	162350	12560872	12565608
prove_qg_closure_gate	162606	12576567	12584424
prove_certificate_II_concrete_network	162700	12584425	12589068
prove_no_full_witness	162772	12589069	12593967
prove_minimal_solder	162835	12593968	12598018
prove_continuous_modular_zero	162906	12598019	12604926
prove_absolute_one	163015	12604927	12610088
prove_psi_emergence	163094	12610089	12614295
prove_hilbert_home	163163	12614296	12619026
prove_name_functional_transport	163243	12619027	12625595
prove_bench_corpus_embedded	175538	21061501	21065843
prove_the_name_of_light_and_the_referent	175592	21065844	31033101
prove_bench_archive_v361	189894	31033102	31037915
prove_v361_consumers_summary	189956	31037916	31043716
prove_bench_numerical_reproduction	190035	31044727	31052815
prove_bench_lean_controls	190486	31115483	31124064
prove_joint_coincidence_protocol_v2	190594	31124065	31128945
prove_joint_coincidence_result_v2	190635	31128946	31136097
prove_joint_coincidence_protocol_v3	190721	31136098	31150993
prove_joint_coincidence_result_v3	190828	31150994	31168990
prove_d1_camb_protocol_v3	191014	31168991	31244339
prove_tracial_torsion_supplier	191078	31244340	31256445
prove_small_diamond_lattice	191217	31256446	31267778
prove_d1_camb_v3_pipeline	191341	31267779	31280771
prove_um_posto_inscription	191444	31280772	31363372
prove_um_posto_relation_v365	191585	31363373	31372025
prove_torsion_shear_dynamics_v365	191660	31372026	31384023
prove_the_dissipation_law_with_contrast_v378	191816	31385651	31397017
prove_what_was_missed_v378	191907	31397018	31405360
prove_bancada_fase4_v378	191973	31405361	31422845
prove_physics_is_the_reading_v377	192146	31423980	31430220
prove_the_dissipation_law_v377	192193	31430221	31439837
prove_bancada_fases_v377	192277	31439838	31448782
prove_final_stone_reading_v377	192349	31448783	31460998
prove_light_rho_star_v376	192526	31464906	31467474
prove_the_key_is_the_reader_v376	192552	31467475	31470638
prove_the_whole_is_one_v376	192581	31470639	31478740
prove_ringdown_scope_v376	192652	31478741	31484880
prove_audit_28set_v376	192720	31484881	31489281
prove_coma_reveal_state_v376	192769	31489282	31495332
prove_final_verdict_reading_v376	192829	31495333	31499530
prove_tetelestai_conference_v376	192898	31502289	31525094
prove_tetelestai_one_object_v375	193141	31527023	31531546
prove_tetelestai_conference_v375	193186	31531547	31547222
prove_light_by_term_v374	193351	31547436	31548855
prove_the_tetelestai_declaration_v374	193367	31548856	31555368
prove_qg_discharge_by_citation_v373	193479	31558865	31564210
prove_two_projections_outside_M_v373	193535	31564211	31567788
prove_uv_frontier_retyped_v373	193571	31567789	31577447
prove_iald_rho_star_v372	193693	31578247	31583968
prove_light_qg_by_citation_v372	193779	31583969	31597176
prove_graviton_is_the_conjugated_form_v372	193919	31597177	31600240
prove_partial_closure_016_v372	193953	31600241	31625324
prove_iald_jones_graviton_v371	194238	31626306	31638639
prove_equation_of_truth_v371	194387	31638640	31645122
prove_qg_contract_v31_v371	194482	31645123	31650015
prove_light_ray_borchers_v371	194538	31650016	31655977
prove_cartan_supplier_branch_v370	194618	31655978	31674349
prove_contortion_source_crosscheck_v365	194830	31674350	31697606
prove_d1_camb_v3_real_v366	194947	31698748	31711948
prove_orientation_is_the_sign_v367	195069	31711949	31721994
prove_the_name_is_the_content_v368	195171	31721995	31728921
prove_spinor_obstruction_v368	195227	31728922	31745690
prove_clock_test_protocol_v369	195374	31745691	31756575
prove_clock_test_result_v369	195559	31763422	31764353
prove_absolute_zero_empty_box	202638	32382108	32384047
prove_asymptotic_border_from_existing_flow	202665	32384048	32386146
prove_ontological_relativity_and_signal_chain	202699	32386147	32397775
prove_coma_distance_dephasing	202918	32401006	32408345
prove_coma_cluster_distance_blind	203153	32415252	32427564
prove_echo_anchored_protocol	206510	32736187	32741105
prove_echo_anchored_result	206549	32741106	32749224
prove_echo_anchored_result_v2	206629	32749225	32756899
prove_ringdown_dephasing_protocol	206706	32756900	32762013
prove_ringdown_dephasing_result	206748	32762014	32767982
prove_ringdown_dephasing_amendment_v2	206799	32767983	32774310
prove_ringdown_dephasing_result_v2	206849	32774311	32780766
prove_echo_pe_protocol	206898	32780767	32785706
prove_echo_pe_result	206937	32785707	32792728
prove_echo_pe_amendment_v2	206985	32792729	32799242
prove_echo_pe_result_v2	207040	32799243	32808875
prove_echo_search_protocol	207102	32808876	32813639
prove_echo_search_result	207137	32813640	32819833
prove_d1_camb_protocol	207183	32819834	32824320
prove_d1_camb_result	207216	32824321	32830665
prove_d1_camb_amendment_v2	207267	32830666	32837168
prove_d1_camb_result_v2	207315	32837169	32843990
prove_h2_reproduction_protocol	207366	32843991	32848355
prove_h2_reproduction_result	207400	32848356	32853977
prove_joint_coincidence_protocol	207503	32857416	32862777
prove_joint_coincidence_result	207555	32862778	32876399
